{"policy_loss": [4.355777719285753, 4.336899697780609, 4.320553809639037, 4.313517901063697, 4.309207036866614, 4.309067411583011, 4.304869620920085, 4.302273458821647, 4.300750985946865, 4.301642662965799, 4.300286254702448, 4.298702113524727, 4.295857993039218, 4.297165404544788, 4.296201141869149, 4.295442387169483, 4.292163605307356, 4.291117223618834, 4.289378192063333, 4.289728970891501, 4.290278277221447, 4.289543774569049, 4.286492411185194, 4.286700819021839, 4.285808012455324, 4.28565147652918, 4.28339884519577, 4.282879611492157, 4.281868213653564, 4.282535377025604, 4.2814788856506345, 4.279942870140076, 4.27873809337616, 4.278102778434754, 4.276826701641083, 4.27649142074585, 4.274455427646637, 4.273180140972137, 4.273367261886596, 4.270809084892273, 4.270349781990051, 4.265992684364319, 4.26637345457077, 4.264575943946839, 4.262159287452698, 4.25784113740921, 4.256004272460937, 4.25569994688034, 4.2523120121955875, 4.247647769212723, 4.251841088294983, 4.244932162284851, 4.243709908962249, 4.24319100522995, 4.237252469062805, 4.231622514009476, 4.235951200008392, 4.232328431606293, 4.229208735704422, 4.229228706598282, 4.224826543092727, 4.221686572790146, 4.217537702322006, 4.2168287839889524, 4.215528599023819, 4.208748992681503, 4.209812052249909, 4.205824834346771, 4.20683073925972, 4.200893423318863, 4.2025389130115505, 4.197810615301132, 4.197876999378204, 4.193923990011215, 4.187906980037689, 4.189662833213806, 4.186320885658264, 4.1841893444061276, 4.175756356716156, 4.1770853743553165, 4.174439173221588, 4.174066428184509, 4.173532282829284, 4.169044497966766, 4.163693070173264, 4.162566525936127, 4.164843056201935, 4.158576855182647, 4.1557331194877625, 4.15921303153038, 4.151519926309586, 4.145334983587265, 4.146153087854385, 4.1437933015823365, 4.146925999164582, 4.145289723873138, 4.144028367519379, 4.14025832939148, 4.138453774929046, 4.1386152973175045], "value_loss": [1.0008400334252252, 1.0026358172297478, 1.000906706794979, 1.0011457058549658, 0.9998108316306493, 1.0005189683757911, 1.0003106276766003, 1.0002309539848735, 1.0001667734676813, 1.000229545786411, 1.000180647305563, 1.0001790005227793, 1.0001305215286487, 1.0000817838233063, 1.0000609183353, 1.0000473903674705, 1.0000346119941017, 1.0000781929545621, 1.0001152557358457, 1.0001305330549697, 1.0001235699714215, 1.0000935255255925, 0.9999831439582286, 1.0001014375343407, 1.0000926888064494, 1.0000749848326858, 1.0000467641353608, 0.9999919664859772, 1.0000824251174927, 1.0001515508294105, 1.0000665112137794, 1.000113847732544, 1.0001147678494453, 1.0001311745643615, 1.0001540433764458, 1.0000995233654977, 1.0001460561156272, 1.0001152344942092, 1.0001326273083686, 1.0001028388142585, 1.0001002403497696, 1.00010283857584, 0.9999293723106384, 1.0001381899118424, 1.0000984194874762, 1.0001245977282525, 1.0000499929785729, 1.0001016603708268, 1.000091337621212, 1.0000952110886574, 1.000039069712162, 1.0001685740351678, 1.000026423871517, 1.000110394179821, 1.000076559305191, 1.0001069518327712, 1.0000735785365105, 1.0000687413811684, 1.0001034400463105, 1.0000951458215714, 1.0000413625240325, 1.0001304102540016, 1.000021957695484, 1.0001107220649719, 0.999996287047863, 1.000047081053257, 1.0000738220214844, 1.0000742154121398, 1.000072085559368, 1.0000596525669099, 0.9999991292953492, 1.0000570304989815, 1.0001204711794853, 1.0000871589779854, 1.0000698461532593, 1.0000967482328416, 1.0000621197223662, 1.0000803545117378, 1.0000476022958755, 1.000108385324478, 1.000060170352459, 1.0001093061566353, 1.000128435254097, 1.0001392705440522, 1.0001016897559165, 1.0000950518250464, 1.000109886467457, 1.000088605582714, 1.0000694341063499, 1.000073441386223, 1.0001223464012146, 0.9999999564290046, 1.000104688704014, 1.0000573924183846, 1.0001056253910066, 1.0000494861602782, 1.0000905688405037, 1.0000876967310905, 1.0000423080921172, 1.0000296173095704], "total_loss": [5.356617779201931, 5.3395355343818665, 5.321460513618049, 5.314663603261936, 5.309017881077138, 5.309586388724191, 5.305180240878098, 5.302504415422398, 5.300917752846542, 5.301872211166575, 5.300466908348931, 5.298881117157314, 5.295988520227297, 5.2972471937258145, 5.296262061554381, 5.295489775589089, 5.2921982105867365, 5.291195412272031, 5.289493437436758, 5.289859515117354, 5.290401850146593, 5.289637306725388, 5.286475550797251, 5.286802260714644, 5.285900706480324, 5.285726459658876, 5.283445613861084, 5.282871574878692, 5.281950647830963, 5.282686925888061, 5.281545398235321, 5.2800567183494564, 5.2788528594970705, 5.278233952999115, 5.276980740070343, 5.276590930461883, 5.274601486682892, 5.273295374393463, 5.273499884605408, 5.270911926269531, 5.270450022220611, 5.266095523357391, 5.266302825927735, 5.264714132785797, 5.262257699966431, 5.257965742588043, 5.256054266452789, 5.255801604747772, 5.252403341770172, 5.2477429728508, 5.251880154132843, 5.245100734233856, 5.243736333370209, 5.243301395893097, 5.237329035758973, 5.23172946357727, 5.236024784564972, 5.232397173881531, 5.229312180042267, 5.229323848724365, 5.224867896080017, 5.221816976070404, 5.217559659957886, 5.216939505577088, 5.21552488565445, 5.208796069145203, 5.209885868549347, 5.205899053573608, 5.206902822494507, 5.20095307636261, 5.202538036346436, 5.197867646694183, 5.197997468948365, 5.194011148929596, 5.187976832389832, 5.1897595839500426, 5.186383008003235, 5.184269703388214, 5.1758039498329165, 5.177193762779236, 5.174499341011048, 5.174175734996796, 5.173660716533661, 5.169183772087097, 5.1637947587966915, 5.162661579608917, 5.1649529433250425, 5.158665462970734, 5.1558025603294375, 5.159286469459533, 5.151642271995544, 5.145334942340851, 5.146257781505585, 5.143850692272187, 5.147031624794006, 5.145339208126068, 5.144118941783905, 5.140346030712128, 5.1384960799217225, 5.138644907951355], "eval_win_rate": [0.0, 0.0, 0.0, 1.0, 0.0, 0.0, 0.0, 0.0, 1.0, 1.0, 0.0, 0.0, 1.0, 0.0, 1.0, 0.0, 1.0, 1.0, 0.0, 0.0]}