{"policy_loss": [4.3556749025980634], "value_loss": [1.0099637024104595], "total_loss": [5.36563856403033], "eval_win_rate": []}